json_page,pdf_page,boxes,x,zero_pct,hit_pct,verdict
17,20,106,0.0,0.0189,0.9434,OK
18,21,100,0.0,0.0,0.74,OK
19,22,100,0.0,0.0,0.76,OK
20,23,100,0.0,0.0,0.76,OK
21,24,100,0.0,0.0,0.76,OK
22,25,100,0.0,0.0,0.76,OK
23,26,100,0.0,0.0,0.76,OK
24,27,100,0.0,0.0,0.76,OK
25,28,100,0.0,0.0,0.76,OK
26,29,100,0.0,0.0,0.48,OK
27,30,100,0.0,0.0,0.72,OK
28,31,100,0.0,0.0,0.76,OK
29,32,100,0.0,0.0,0.76,OK
30,33,104,0.0,0.0,0.7115,OK
31,34,108,0.0,0.0,0.75,OK
32,35,102,0.0,0.0,0.7255,OK
33,36,96,0.0,0.0,0.7292,OK
34,37,100,0.0,0.0,0.76,OK
35,38,100,0.0,0.0,0.77,OK
36,39,99,0.0,0.0,0.7374,OK
37,40,99,0.0,0.0,0.7576,OK
38,41,99,0.0,0.0,0.7576,OK
39,42,100,0.0,0.0,0.76,OK
40,43,100,0.0,0.0,0.76,OK
41,44,100,0.0,0.0,0.74,OK
42,45,100,0.0,0.0,0.76,OK
43,46,100,0.0,0.0,0.76,OK
44,47,100,0.0,0.0,0.72,OK
45,48,98,0.0,0.0,0.7653,OK
46,49,98,0.0,0.0,0.7653,OK
47,50,99,0.0,0.0,0.7475,OK
48,51,100,0.0,0.0,0.76,OK
49,52,98,0.0,0.0,1.0,OK
50,53,99,0.0,0.0,0.7576,OK
51,54,104,0.0,0.0,0.7692,OK
52,55,100,0.0,0.0,0.76,OK
53,56,99,0.0,0.0,0.7576,OK
54,57,99,0.0,0.0,0.7576,OK
55,58,100,0.0,0.0,0.76,OK
56,59,99,0.0,0.0,0.7576,OK
57,60,100,0.0,0.0,0.76,OK
58,61,100,0.0,0.0,0.76,OK
59,62,100,0.0,0.0,0.76,OK
60,63,100,0.0,0.0,0.76,OK
61,64,100,0.0,0.0,0.76,OK
62,65,101,0.0,0.0,0.4752,OK
63,66,100,0.0,0.0,0.76,OK
64,67,98,0.0,0.0,0.7143,OK
65,68,108,0.0,0.0,0.7778,OK
66,69,100,0.0,0.0,0.76,OK
67,70,99,0.0,0.0,0.7576,OK
68,71,99,0.0,0.0,0.7374,OK
69,72,100,0.0,0.0,0.76,OK
70,73,100,0.0,0.0,1.0,OK
71,74,100,0.0,0.0,1.0,OK
72,75,102,0.0,0.0,1.0,OK
73,76,100,0.0,0.0,0.74,OK
74,77,98,0.0,0.0918,0.6429,!! 可疑
75,78,98,0.0,0.1327,0.6224,!! 可疑
76,79,100,0.0,0.08,0.64,!! 可疑
77,80,99,0.0,0.0,0.7576,OK
78,81,99,0.0,0.0,0.7374,OK
79,82,96,0.0,0.0,0.7292,OK
80,83,99,0.0,0.0,0.7576,OK
81,84,98,0.0,0.0,0.7449,OK
82,85,99,0.0,0.0,0.7576,OK
83,86,99,0.0,0.0,0.7576,OK
84,87,98,0.0,0.0,0.7551,OK
85,88,100,0.0,0.0,0.76,OK
86,89,104,0.0,0.0,0.7308,OK
87,90,99,0.0,0.0,0.7576,OK
88,91,99,0.0,0.0,0.7677,OK
89,92,100,0.0,0.0,0.74,OK
90,93,98,0.0,0.0,0.7347,OK
91,94,99,0.0,0.0,1.0,OK
92,95,99,0.0,0.0,1.0,OK
93,96,98,0.0,0.0,0.7551,OK
94,97,99,0.0,0.0,1.0,OK
95,98,99,0.0,0.0,0.7576,OK
96,99,101,0.0,0.0,0.7525,OK
97,100,97,0.0,0.0,0.7732,OK
98,101,99,0.0,0.0,1.0,OK
99,102,99,0.0,0.0,1.0,OK
100,103,99,0.0,0.0,0.7172,OK
101,104,99,0.0,0.0,0.7374,OK
102,105,98,0.0,0.0,0.7347,OK
103,106,98,0.0,0.0,0.7551,OK
104,107,100,0.0,0.0,0.72,OK
105,108,100,0.0,0.0,0.76,OK
106,109,99,0.0,0.0,0.7071,OK
107,110,102,0.0,0.0,0.7647,OK
108,111,97,0.0,0.0,0.7629,OK
109,112,98,0.0,0.0,0.7755,OK
110,113,96,0.0,0.0,0.7292,OK
111,114,98,0.0,0.0,0.7653,OK
112,115,98,0.0,0.0,0.7347,OK
113,116,101,0.0,0.0,0.7228,OK
114,117,100,0.0,0.0,0.76,OK
115,118,100,0.0,0.0,0.74,OK
116,119,100,0.0,0.0,0.73,OK
117,120,99,0.0,0.0,0.7374,OK
118,121,101,0.0,0.0,0.7426,OK
119,122,102,0.0,0.0,0.7745,OK
120,123,102,0.0,0.0,0.7255,OK
121,124,99,0.0,0.0,0.7374,OK
122,125,99,0.0,0.0,0.7374,OK
123,126,106,0.0,0.0,0.7358,OK
124,127,97,0.0,0.0,0.732,OK
125,128,102,0.0,0.0,0.7451,OK
126,129,101,0.0,0.0,0.7624,OK
127,130,102,0.0,0.0,0.7451,OK
128,131,102,0.0,0.0,0.7451,OK
129,132,97,0.0,0.0,0.7526,OK
130,133,99,0.0,0.0,0.7374,OK
131,134,100,0.0,0.0,0.74,OK
157,160,1,0.0,1.0,0.0,!! 可疑
