json_page,f1_self,best_pdf_page,best_f1,verdict
17,0.3466,3,0.49,!! 最优其实是第 3 页
18,0.3193,113,0.4364,!! 最优其实是第 113 页
19,0.3279,113,0.4364,!! 最优其实是第 113 页
20,0.2245,113,0.4364,!! 最优其实是第 113 页
21,0.3376,161,0.4314,!! 最优其实是第 161 页
22,0.43,113,0.4364,!! 最优其实是第 113 页
23,0.43,113,0.4364,!! 最优其实是第 113 页
24,0.3216,113,0.4364,!! 最优其实是第 113 页
25,0.4303,113,0.4364,!! 最优其实是第 113 页
26,0.4183,161,0.4309,!! 最优其实是第 161 页
27,0.4205,113,0.4364,!! 最优其实是第 113 页
28,0.4288,113,0.4354,!! 最优其实是第 113 页
29,0.4093,113,0.4364,!! 最优其实是第 113 页
30,0.4155,113,0.4248,!! 最优其实是第 113 页
31,0.2293,3,0.4354,!! 最优其实是第 3 页
32,0.4214,113,0.4277,!! 最优其实是第 113 页
33,0.4031,113,0.4176,!! 最优其实是第 113 页
34,0.2212,113,0.4364,!! 最优其实是第 113 页
35,0.2323,3,0.4264,!! 最优其实是第 3 页
36,0.4001,161,0.4355,!! 最优其实是第 161 页
37,0.3356,3,0.4259,!! 最优其实是第 3 页
38,0.292,3,0.4259,!! 最优其实是第 3 页
39,0.386,113,0.4364,!! 最优其实是第 113 页
40,0.3367,113,0.4364,!! 最优其实是第 113 页
41,0.3391,44,0.417,!! 最优其实是第 44 页
42,0.4301,113,0.4364,!! 最优其实是第 113 页
43,0.4285,161,0.4373,!! 最优其实是第 161 页
44,0.3787,79,0.4206,!! 最优其实是第 79 页
45,0.2412,3,0.4307,!! 最优其实是第 3 页
46,0.2481,3,0.4214,!! 最优其实是第 3 页
47,0.3834,50,0.4232,!! 最优其实是第 50 页
48,0.2337,113,0.4364,!! 最优其实是第 113 页
49,0.1916,3,0.4528,!! 最优其实是第 3 页
50,0.2527,2,0.4414,!! 最优其实是第 2 页
51,0.3855,161,0.4372,!! 最优其实是第 161 页
52,0.2917,113,0.4364,!! 最优其实是第 113 页
53,0.3094,3,0.4342,!! 最优其实是第 3 页
54,0.3261,3,0.4259,!! 最优其实是第 3 页
55,0.4304,113,0.4364,!! 最优其实是第 113 页
56,0.4027,3,0.4505,!! 最优其实是第 3 页
57,0.3342,113,0.4364,!! 最优其实是第 113 页
58,0.4207,113,0.4364,!! 最优其实是第 113 页
59,0.3484,113,0.4364,!! 最优其实是第 113 页
60,0.4275,113,0.4364,!! 最优其实是第 113 页
61,0.4305,113,0.4364,!! 最优其实是第 113 页
62,0.3513,3,0.4685,!! 最优其实是第 3 页
63,0.4306,113,0.4364,!! 最优其实是第 113 页
64,0.4223,113,0.4282,!! 最优其实是第 113 页
65,0.3192,3,0.4311,!! 最优其实是第 3 页
66,0.4301,113,0.4364,!! 最优其实是第 113 页
67,0.4011,64,0.4379,!! 最优其实是第 64 页
68,0.3484,3,0.4515,!! 最优其实是第 3 页
69,0.4296,113,0.4364,!! 最优其实是第 113 页
70,0.4039,113,0.4364,!! 最优其实是第 113 页
71,0.3398,113,0.4364,!! 最优其实是第 113 页
72,0.4157,3,0.4623,!! 最优其实是第 3 页
73,0.4299,113,0.4364,!! 最优其实是第 113 页
74,0.4054,161,0.4402,!! 最优其实是第 161 页
75,0.3751,79,0.4206,!! 最优其实是第 79 页
76,0.4306,113,0.4364,!! 最优其实是第 113 页
77,0.3351,3,0.435,!! 最优其实是第 3 页
78,0.3463,3,0.4389,!! 最优其实是第 3 页
79,0.395,113,0.4146,!! 最优其实是第 113 页
80,0.3697,3,0.4346,!! 最优其实是第 3 页
81,0.3072,3,0.4364,!! 最优其实是第 3 页
82,0.3525,3,0.4148,!! 最优其实是第 3 页
83,0.3482,3,0.4197,!! 最优其实是第 3 页
84,0.2449,2,0.4318,!! 最优其实是第 2 页
85,0.3411,113,0.4364,!! 最优其实是第 113 页
86,0.3433,113,0.4378,!! 最优其实是第 113 页
87,0.3243,3,0.4372,!! 最优其实是第 3 页
88,0.2653,3,0.442,!! 最优其实是第 3 页
89,0.3381,92,0.4155,!! 最优其实是第 92 页
90,0.3216,113,0.418,!! 最优其实是第 113 页
91,0.3154,3,0.4294,!! 最优其实是第 3 页
92,0.2993,3,0.4142,!! 最优其实是第 3 页
93,0.2362,3,0.4213,!! 最优其实是第 3 页
94,0.3781,3,0.4603,!! 最优其实是第 3 页
95,0.3407,3,0.421,!! 最优其实是第 3 页
96,0.2978,3,0.4124,!! 最优其实是第 3 页
97,0.2282,47,0.4053,!! 最优其实是第 47 页
98,0.4063,3,0.4401,!! 最优其实是第 3 页
99,0.293,3,0.4616,!! 最优其实是第 3 页
100,0.3201,3,0.4459,!! 最优其实是第 3 页
101,0.3204,161,0.4262,!! 最优其实是第 161 页
102,0.2324,2,0.4196,!! 最优其实是第 2 页
103,0.3374,3,0.4344,!! 最优其实是第 3 页
104,0.2705,3,0.4478,!! 最优其实是第 3 页
105,0.3873,113,0.4176,!! 最优其实是第 113 页
106,0.3516,181,0.4382,!! 最优其实是第 181 页
107,0.3567,3,0.4455,!! 最优其实是第 3 页
108,0.2222,3,0.4215,!! 最优其实是第 3 页
109,0.2563,3,0.4157,!! 最优其实是第 3 页
110,0.3399,113,0.4191,!! 最优其实是第 113 页
111,0.3756,3,0.415,!! 最优其实是第 3 页
112,0.351,3,0.4609,!! 最优其实是第 3 页
113,0.279,3,0.4319,!! 最优其实是第 3 页
114,0.3046,3,0.4136,!! 最优其实是第 3 页
115,0.3333,3,0.4461,!! 最优其实是第 3 页
116,0.3325,3,0.4268,!! 最优其实是第 3 页
117,0.3537,3,0.4373,!! 最优其实是第 3 页
118,0.3111,3,0.4512,!! 最优其实是第 3 页
119,0.2977,3,0.4352,!! 最优其实是第 3 页
120,0.4069,3,0.4505,!! 最优其实是第 3 页
121,0.2775,3,0.423,!! 最优其实是第 3 页
122,0.2917,3,0.4213,!! 最优其实是第 3 页
123,0.4,3,0.4833,!! 最优其实是第 3 页
124,0.3682,3,0.4341,!! 最优其实是第 3 页
125,0.4184,3,0.4511,!! 最优其实是第 3 页
126,0.3417,161,0.4409,!! 最优其实是第 161 页
127,0.3794,3,0.4339,!! 最优其实是第 3 页
128,0.4137,3,0.4372,!! 最优其实是第 3 页
129,0.3214,3,0.4586,!! 最优其实是第 3 页
130,0.4024,3,0.4494,!! 最优其实是第 3 页
131,0.3764,3,0.4375,!! 最优其实是第 3 页
157,0.005,143,0.012,!! 最优其实是第 143 页
